{
    "mse": 8196.51001295151,
    "mae": 61.295062281467295
}